<?xml version="1.0" encoding="UTF-8"?>
<teamcity-plugin xmlns:xsi="http://www.w3.org/2001/XMLSchema-instance" xsi:noNamespaceSchemaLocation="urn:shemas-jetbrains-com:teamcity-plugin-v1-xml">
  <info>
    <name>SerenaDeploy</name>
    <display-name>Serena Deploy</display-name>
    <version>1.0.3</version>
    <description>
        This plugin integrates TeamCity with Serena Deployment Automation.
    </description>
    <download-url>www.serena.com</download-url>
    <email>klee@serena.com</email>
    <vendor>
      <name>Serena Software</name>
      <url>www.serena.com</url>
      <logo></logo>
    </vendor>
  </info>
  <deployment use-separate-classloader="true" />
</teamcity-plugin>
